{
	"name": "玩点论杀",
	"author": "玩点吧",
	"intro": "&nbsp;&nbsp;&nbsp;&nbsp;玩点论杀是指玩点吧举办的三国杀民间diy活动，分为游戏牌征集和武将技能征集两方面，所有游戏牌和武将技能皆出自玩点吧会员之手，活动最终入选的作品将由主办方邀请天空之城、Zero、XXX、Yi章等三国杀官方画师创作专属的武将原画，是一款真正由玩家自主设计研发的三国杀扩充包。",
	"version": "1.0",
	"diskURL": "",
	"forumURL": ""
}